DROP TABLE DetalleVotacionProcesada;
DROP TABLE VotacionProcesadaEnResumen;
DROP TABLE CambioMonedas;
DROP TABLE VotanteEvento;
DROP TABLE Hospedaje;
DROP TABLE Acompanante;
DROP TABLE Compra;
DROP TABLE Evento;
DROP TABLE HistoricoABMVotante;
DROP TABLE HistoricoABMVotacion;
DROP TABLE MocionPorSeleccionar;
DROP TABLE SeleccionMociones;
DROP TABLE MocionPorAprovar;
DROP TABLE AprovacionMociones;
DROP TABLE Mocion;
DROP TABLE VotacionDirectiva;
DROP TABLE IntegranteComisionDirectiva;
DROP TABLE IntegranteComisionElectoral;
DROP TABLE IntegranteComisionFiscal;
DROP TABLE Lista;
DROP TABLE Desafiliacion;
DROP TABLE Administrativo;
DROP TABLE Cuota;
DROP TABLE ParticipacionVotante;
DROP TABLE Votante;
DROP TABLE Votacion;
DROP TABLE Credenciales;

--Credenciales(nombreUsuario, contrasena)
INSERT INTO Credenciales VALUES ('admin', 'adminadmin');
INSERT INTO Credenciales VALUES ('admin2', 'adminadmin2');
INSERT INTO Credenciales VALUES ('JuanCarbonero', 'contra1');
INSERT INTO Credenciales VALUES ('PedroBolso', 'contra2');
INSERT INTO Credenciales VALUES ('Mica123', 'contra3');
INSERT INTO Credenciales VALUES ('Belenn', 'contra4');
INSERT INTO Credenciales VALUES ('Robertoe', 'contra5');
INSERT INTO Credenciales VALUES ('Desafiliado', 'contra6');
INSERT INTO Credenciales VALUES ('Usuario1', 'contra6');
INSERT INTO Credenciales VALUES ('Usuario2', 'contra6');
INSERT INTO Credenciales VALUES ('Usuario3', 'contra6');
INSERT INTO Credenciales VALUES ('Usuario4', 'contra6');
INSERT INTO Credenciales VALUES ('Usuario5', 'contra6');
INSERT INTO Credenciales VALUES ('Usuario6', 'contra6');
INSERT INTO Credenciales VALUES ('Usuario7', 'contra6');
INSERT INTO Credenciales VALUES ('Usuario8', 'contra6');
INSERT INTO Credenciales VALUES ('Usuario9', 'contra6');
INSERT INTO Credenciales VALUES ('Usuario10', 'contra6');
INSERT INTO Credenciales VALUES ('Usuario11', 'contra6');
INSERT INTO Credenciales VALUES ('Usuario12', 'contra6');
INSERT INTO Credenciales VALUES ('Usuario13', 'contra6');
INSERT INTO Credenciales VALUES ('Usuario14', 'contra6');
INSERT INTO Credenciales VALUES ('Usuario15', 'contra6');
INSERT INTO Credenciales VALUES ('Usuario16', 'contra6');
INSERT INTO Credenciales VALUES ('Usuario17', 'contra6');
INSERT INTO Credenciales VALUES ('Usuario18', 'contra6');
INSERT INTO Credenciales VALUES ('Usuario19', 'contra6');
INSERT INTO Credenciales VALUES ('Usuario20', 'contra6');
INSERT INTO Credenciales VALUES ('Usuario21', 'contra6');
INSERT INTO Credenciales VALUES ('Usuario22', 'contra6');
INSERT INTO Credenciales VALUES ('Usuario23', 'contra6');
INSERT INTO Credenciales VALUES ('Usuario24', 'contra6');
INSERT INTO Credenciales VALUES ('Usuario25', 'contra6');
INSERT INTO Credenciales VALUES ('Usuario26', 'contra6');
INSERT INTO Credenciales VALUES ('Usuario27', 'contra6');
INSERT INTO Credenciales VALUES ('Usuario28', 'contra6');
INSERT INTO Credenciales VALUES ('Usuario29', 'contra6');
INSERT INTO Credenciales VALUES ('Usuario30', 'contra6');
INSERT INTO Credenciales VALUES ('Usuario31', 'contra6');
INSERT INTO Credenciales VALUES ('Usuario32', 'contra6');
INSERT INTO Credenciales VALUES ('Usuario33', 'contra6');
INSERT INTO Credenciales VALUES ('Usuario34', 'contra6');
INSERT INTO Credenciales VALUES ('Usuario35', 'contra6');
INSERT INTO Credenciales VALUES ('Usuario36', 'contra6');
INSERT INTO Credenciales VALUES ('Usuario37', 'contra6');
INSERT INTO Credenciales VALUES ('Usuario38', 'contra6');
INSERT INTO Credenciales VALUES ('Usuario39', 'contra6');
INSERT INTO Credenciales VALUES ('Usuario40', 'contra6');
INSERT INTO Credenciales VALUES ('Usuario41', 'contra6');
INSERT INTO Credenciales VALUES ('Usuario42', 'contra6');
INSERT INTO Credenciales VALUES ('Usuario43', 'contra6');
INSERT INTO Credenciales VALUES ('Usuario44', 'contra6');
INSERT INTO Credenciales VALUES ('Usuario45', 'contra6');
INSERT INTO Credenciales VALUES ('Usuario46', 'contra6');
INSERT INTO Credenciales VALUES ('Usuario47', 'contra6');
INSERT INTO Credenciales VALUES ('Usuario48', 'contra6');
INSERT INTO Credenciales VALUES ('Usuario49', 'contra6');
INSERT INTO Credenciales VALUES ('Usuario50', 'contra6');
--Administrativo(nombreUsuario)
INSERT INTO Administrativo VALUES ('admin');
INSERT INTO Administrativo VALUES ('admin2');

--Votante(numeroVotante, nombreUsuario, usuarioQueModifica, cedula, credencial, nombre, apellido)
INSERT INTO Votante VALUES (51, 'JuanCarbonero', 'JuanCarbonero', 45969780, 45969780, 'Juan', 'Perez', 1);
INSERT INTO Votante VALUES (52, 'PedroBolso', 'PedroBolso', 65969780, 46969780, 'Pedro', 'Pardo', 1);
INSERT INTO Votante VALUES (53, 'Mica123', 'Mica123', 12345678, 12345679, 'Micaela', 'Blanco', 1);
INSERT INTO Votante VALUES (54, 'Belenn', 'Belenn', 22556677, 11338899, 'Belen', 'Rojo', 1);
INSERT INTO Votante VALUES (55, 'Robertoe', 'Robertoe', 98765432, 87654321, 'Roberto', 'Gimenez', 1);
INSERT INTO Votante VALUES (56, 'Desafiliado', 'Desafiliado', 99999999, 89999999, 'Desafiliado', 'Desafiliado', 0);
INSERT INTO Votante VALUES (1, 'Usuario1', 'Usuario1', 10987601, 97654301, 'Nombre', 'Apellido', 1);
INSERT INTO Votante VALUES (2, 'Usuario2', 'Usuario2', 10987602, 97654302, 'Nombre', 'Apellido', 1);
INSERT INTO Votante VALUES (3, 'Usuario3', 'Usuario3', 10987603, 97654303, 'Nombre', 'Apellido', 1);
INSERT INTO Votante VALUES (4, 'Usuario4', 'Usuario4', 10987604, 97654304, 'Nombre', 'Apellido', 1);
INSERT INTO Votante VALUES (5, 'Usuario5', 'Usuario5', 10987605, 97654305, 'Nombre', 'Apellido', 1);
INSERT INTO Votante VALUES (6, 'Usuario6', 'Usuario6', 10987606, 97654306, 'Nombre', 'Apellido', 1);
INSERT INTO Votante VALUES (7, 'Usuario7', 'Usuario7', 10987607, 97654307, 'Nombre', 'Apellido', 1);
INSERT INTO Votante VALUES (8, 'Usuario8', 'Usuario8', 10987608, 97654308, 'Nombre', 'Apellido', 1);
INSERT INTO Votante VALUES (9, 'Usuario9', 'Usuario9', 10987609, 97654309, 'Nombre', 'Apellido', 1);
INSERT INTO Votante VALUES (10, 'Usuario10', 'Usuario10', 10987610, 97654310, 'Nombre', 'Apellido', 1);
INSERT INTO Votante VALUES (11, 'Usuario11', 'Usuario11', 10987611, 97654311, 'Nombre', 'Apellido', 1);
INSERT INTO Votante VALUES (12, 'Usuario12', 'Usuario12', 10987612, 97654312, 'Nombre', 'Apellido', 1);
INSERT INTO Votante VALUES (13, 'Usuario13', 'Usuario13', 10987613, 97654313, 'Nombre', 'Apellido', 1);
INSERT INTO Votante VALUES (14, 'Usuario14', 'Usuario14', 10987614, 97654314, 'Nombre', 'Apellido', 1);
INSERT INTO Votante VALUES (15, 'Usuario15', 'Usuario15', 10987615, 97654315, 'Nombre', 'Apellido', 1);
INSERT INTO Votante VALUES (16, 'Usuario16', 'Usuario16', 10987616, 97654316, 'Nombre', 'Apellido', 1);
INSERT INTO Votante VALUES (17, 'Usuario17', 'Usuario17', 10987617, 97654317, 'Nombre', 'Apellido', 1);
INSERT INTO Votante VALUES (18, 'Usuario18', 'Usuario18', 10987618, 97654318, 'Nombre', 'Apellido', 1);
INSERT INTO Votante VALUES (19, 'Usuario19', 'Usuario19', 10987619, 97654319, 'Nombre', 'Apellido', 1);
INSERT INTO Votante VALUES (20, 'Usuario20', 'Usuario20', 10987620, 97654320, 'Nombre', 'Apellido', 1);
INSERT INTO Votante VALUES (21, 'Usuario21', 'Usuario21', 10987621, 97654321, 'Nombre', 'Apellido', 1);
INSERT INTO Votante VALUES (22, 'Usuario22', 'Usuario22', 10987622, 97654322, 'Nombre', 'Apellido', 1);
INSERT INTO Votante VALUES (23, 'Usuario23', 'Usuario23', 10987623, 97654323, 'Nombre', 'Apellido', 1);
INSERT INTO Votante VALUES (24, 'Usuario24', 'Usuario24', 10987624, 97654324, 'Nombre', 'Apellido', 1);
INSERT INTO Votante VALUES (25, 'Usuario25', 'Usuario25', 10987625, 97654325, 'Nombre', 'Apellido', 1);
INSERT INTO Votante VALUES (26, 'Usuario26', 'Usuario26', 10987626, 97654326, 'Nombre', 'Apellido', 1);
INSERT INTO Votante VALUES (27, 'Usuario27', 'Usuario27', 10987627, 97654327, 'Nombre', 'Apellido', 1);
INSERT INTO Votante VALUES (28, 'Usuario28', 'Usuario28', 10987628, 97654328, 'Nombre', 'Apellido', 1);
INSERT INTO Votante VALUES (29, 'Usuario29', 'Usuario29', 10987629, 97654329, 'Nombre', 'Apellido', 1);
INSERT INTO Votante VALUES (30, 'Usuario30', 'Usuario30', 10987630, 97654330, 'Nombre', 'Apellido', 1);
INSERT INTO Votante VALUES (31, 'Usuario31', 'Usuario31', 10987631, 97654331, 'Nombre', 'Apellido', 1);
INSERT INTO Votante VALUES (32, 'Usuario32', 'Usuario32', 10987632, 97654332, 'Nombre', 'Apellido', 1);
INSERT INTO Votante VALUES (33, 'Usuario33', 'Usuario33', 10987633, 97654333, 'Nombre', 'Apellido', 1);
INSERT INTO Votante VALUES (34, 'Usuario34', 'Usuario34', 10987634, 97654334, 'Nombre', 'Apellido', 1);
INSERT INTO Votante VALUES (35, 'Usuario35', 'Usuario35', 10987635, 97654335, 'Nombre', 'Apellido', 1);
INSERT INTO Votante VALUES (36, 'Usuario36', 'Usuario36', 10987636, 97654336, 'Nombre', 'Apellido', 1);
INSERT INTO Votante VALUES (37, 'Usuario37', 'Usuario37', 10987637, 97654337, 'Nombre', 'Apellido', 1);
INSERT INTO Votante VALUES (38, 'Usuario38', 'Usuario38', 10987638, 97654338, 'Nombre', 'Apellido', 1);
INSERT INTO Votante VALUES (39, 'Usuario39', 'Usuario39', 10987639, 97654339, 'Nombre', 'Apellido', 1);
INSERT INTO Votante VALUES (40, 'Usuario40', 'Usuario40', 10987640, 97654340, 'Nombre', 'Apellido', 1);
INSERT INTO Votante VALUES (41, 'Usuario41', 'Usuario41', 10987641, 97654341, 'Nombre', 'Apellido', 1);
INSERT INTO Votante VALUES (42, 'Usuario42', 'Usuario42', 10987642, 97654342, 'Nombre', 'Apellido', 1);
INSERT INTO Votante VALUES (43, 'Usuario43', 'Usuario43', 10987643, 97654343, 'Nombre', 'Apellido', 1);
INSERT INTO Votante VALUES (44, 'Usuario44', 'Usuario44', 10987644, 97654344, 'Nombre', 'Apellido', 1);
INSERT INTO Votante VALUES (45, 'Usuario45', 'Usuario45', 10987645, 97654345, 'Nombre', 'Apellido', 1);
INSERT INTO Votante VALUES (46, 'Usuario46', 'Usuario46', 10987646, 97654346, 'Nombre', 'Apellido', 1);
INSERT INTO Votante VALUES (47, 'Usuario47', 'Usuario47', 10987647, 97654347, 'Nombre', 'Apellido', 1);
INSERT INTO Votante VALUES (48, 'Usuario48', 'Usuario48', 10987648, 97654348, 'Nombre', 'Apellido', 1);
INSERT INTO Votante VALUES (49, 'Usuario49', 'Usuario49', 10987649, 97654349, 'Nombre', 'Apellido', 1);
INSERT INTO Votante VALUES (50, 'Usuario50', 'Usuario50', 10987650, 97654350, 'Nombre', 'Apellido', 1);

--Cuota(numeroVotante, anio, mes)
INSERT INTO Cuota VALUES (51, TO_DATE('01-11-2018', 'DD-MM-YYYY'));--Juan afiliado Noviembre 2018, cuando paga su primera cuota
INSERT INTO Cuota VALUES (52, TO_DATE('01-06-2018', 'DD-MM-YYYY'));--Pedro, afiliado desde Junio 2018, y todas sus cuotas subsecuentes
INSERT INTO Cuota VALUES (52, TO_DATE('01-07-2018', 'DD-MM-YYYY'));
INSERT INTO Cuota VALUES (52, TO_DATE('01-08-2018', 'DD-MM-YYYY'));
INSERT INTO Cuota VALUES (52, TO_DATE('01-09-2018', 'DD-MM-YYYY'));
INSERT INTO Cuota VALUES (52, TO_DATE('01-10-2018', 'DD-MM-YYYY'));--Notese que a la fecha de hoy, noviembre 2018, Pedro tiene un mes atrasado
INSERT INTO Cuota VALUES (53, TO_DATE('01-06-2018', 'DD-MM-YYYY'));
INSERT INTO Cuota VALUES (53, TO_DATE('01-07-2018', 'DD-MM-YYYY'));--Micaela esta atrasada, por lo tanto no puede participar en votaciones
INSERT INTO Cuota VALUES (54, TO_DATE('01-10-2018', 'DD-MM-YYYY'));
INSERT INTO Cuota VALUES (54, TO_DATE('01-11-2018', 'DD-MM-YYYY'));
INSERT INTO Cuota VALUES (55, TO_DATE('01-04-2018', 'DD-MM-YYYY'));
INSERT INTO Cuota VALUES (55, TO_DATE('01-05-2018', 'DD-MM-YYYY'));
INSERT INTO Cuota VALUES (55, TO_DATE('01-06-2018', 'DD-MM-YYYY'));
INSERT INTO Cuota VALUES (55, TO_DATE('01-07-2018', 'DD-MM-YYYY'));
INSERT INTO Cuota VALUES (55, TO_DATE('01-10-2018', 'DD-MM-YYYY'));--Roberto se desafilia por unos meses, y luego vuelve al dia
INSERT INTO Cuota VALUES (56, TO_DATE('01-11-2018', 'DD-MM-YYYY'));--Desafiliado tiene una cuota paga en el mes de desafiliacion
--Votantes que participan en las votaciones pedidas por la letra
INSERT INTO Cuota VALUES (1, TO_DATE('01-10-2018', 'DD-MM-YYYY'));
INSERT INTO Cuota VALUES (2, TO_DATE('01-10-2018', 'DD-MM-YYYY'));
INSERT INTO Cuota VALUES (3, TO_DATE('01-10-2018', 'DD-MM-YYYY'));
INSERT INTO Cuota VALUES (4, TO_DATE('01-10-2018', 'DD-MM-YYYY'));
INSERT INTO Cuota VALUES (5, TO_DATE('01-10-2018', 'DD-MM-YYYY'));
INSERT INTO Cuota VALUES (6, TO_DATE('01-10-2018', 'DD-MM-YYYY'));
INSERT INTO Cuota VALUES (7, TO_DATE('01-10-2018', 'DD-MM-YYYY'));
INSERT INTO Cuota VALUES (8, TO_DATE('01-10-2018', 'DD-MM-YYYY'));
INSERT INTO Cuota VALUES (9, TO_DATE('01-10-2018', 'DD-MM-YYYY'));
INSERT INTO Cuota VALUES (10, TO_DATE('01-10-2018', 'DD-MM-YYYY'));
INSERT INTO Cuota VALUES (11, TO_DATE('01-10-2018', 'DD-MM-YYYY'));
INSERT INTO Cuota VALUES (12, TO_DATE('01-10-2018', 'DD-MM-YYYY'));
INSERT INTO Cuota VALUES (13, TO_DATE('01-10-2018', 'DD-MM-YYYY'));
INSERT INTO Cuota VALUES (14, TO_DATE('01-10-2018', 'DD-MM-YYYY'));
INSERT INTO Cuota VALUES (15, TO_DATE('01-10-2018', 'DD-MM-YYYY'));
INSERT INTO Cuota VALUES (16, TO_DATE('01-10-2018', 'DD-MM-YYYY'));
INSERT INTO Cuota VALUES (17, TO_DATE('01-10-2018', 'DD-MM-YYYY'));
INSERT INTO Cuota VALUES (18, TO_DATE('01-10-2018', 'DD-MM-YYYY'));
INSERT INTO Cuota VALUES (19, TO_DATE('01-10-2018', 'DD-MM-YYYY'));
INSERT INTO Cuota VALUES (20, TO_DATE('01-10-2018', 'DD-MM-YYYY'));
INSERT INTO Cuota VALUES (21, TO_DATE('01-10-2018', 'DD-MM-YYYY'));
INSERT INTO Cuota VALUES (22, TO_DATE('01-10-2018', 'DD-MM-YYYY'));
INSERT INTO Cuota VALUES (23, TO_DATE('01-10-2018', 'DD-MM-YYYY'));
INSERT INTO Cuota VALUES (24, TO_DATE('01-10-2018', 'DD-MM-YYYY'));
INSERT INTO Cuota VALUES (25, TO_DATE('01-10-2018', 'DD-MM-YYYY'));
INSERT INTO Cuota VALUES (26, TO_DATE('01-10-2018', 'DD-MM-YYYY'));
INSERT INTO Cuota VALUES (27, TO_DATE('01-10-2018', 'DD-MM-YYYY'));
INSERT INTO Cuota VALUES (28, TO_DATE('01-10-2018', 'DD-MM-YYYY'));
INSERT INTO Cuota VALUES (29, TO_DATE('01-10-2018', 'DD-MM-YYYY'));
INSERT INTO Cuota VALUES (30, TO_DATE('01-10-2018', 'DD-MM-YYYY'));
INSERT INTO Cuota VALUES (31, TO_DATE('01-10-2018', 'DD-MM-YYYY'));
INSERT INTO Cuota VALUES (32, TO_DATE('01-10-2018', 'DD-MM-YYYY'));
INSERT INTO Cuota VALUES (33, TO_DATE('01-10-2018', 'DD-MM-YYYY'));
INSERT INTO Cuota VALUES (34, TO_DATE('01-10-2018', 'DD-MM-YYYY'));
INSERT INTO Cuota VALUES (35, TO_DATE('01-10-2018', 'DD-MM-YYYY'));
INSERT INTO Cuota VALUES (36, TO_DATE('01-10-2018', 'DD-MM-YYYY'));
INSERT INTO Cuota VALUES (37, TO_DATE('01-10-2018', 'DD-MM-YYYY'));
INSERT INTO Cuota VALUES (38, TO_DATE('01-10-2018', 'DD-MM-YYYY'));
INSERT INTO Cuota VALUES (39, TO_DATE('01-10-2018', 'DD-MM-YYYY'));
INSERT INTO Cuota VALUES (40, TO_DATE('01-10-2018', 'DD-MM-YYYY'));
INSERT INTO Cuota VALUES (41, TO_DATE('01-10-2018', 'DD-MM-YYYY'));
INSERT INTO Cuota VALUES (42, TO_DATE('01-10-2018', 'DD-MM-YYYY'));
INSERT INTO Cuota VALUES (43, TO_DATE('01-10-2018', 'DD-MM-YYYY'));
INSERT INTO Cuota VALUES (44, TO_DATE('01-10-2018', 'DD-MM-YYYY'));
INSERT INTO Cuota VALUES (45, TO_DATE('01-10-2018', 'DD-MM-YYYY'));
INSERT INTO Cuota VALUES (46, TO_DATE('01-10-2018', 'DD-MM-YYYY'));
INSERT INTO Cuota VALUES (47, TO_DATE('01-10-2018', 'DD-MM-YYYY'));
INSERT INTO Cuota VALUES (48, TO_DATE('01-10-2018', 'DD-MM-YYYY'));
INSERT INTO Cuota VALUES (49, TO_DATE('01-10-2018', 'DD-MM-YYYY'));
INSERT INTO Cuota VALUES (50, TO_DATE('01-10-2018', 'DD-MM-YYYY'));


--Desafiliacion(numeroAfiliado, fecha)
INSERT INTO Desafiliacion VALUES (55, TO_DATE('01-08-2018','DD-MM-YYYY'), 'Roberto se va de vacaciones por unos meses.');
INSERT INTO Desafiliacion VALUES (56, TO_DATE('01-11-2018','DD-MM-YYYY'), 'A desafiliado no le gusta el partido.');
--TO_TIMESTAMP('01-08-2018 17:00:00','DD-MM-YYYY HH24:MI:SS')

--Lista(lema)
INSERT INTO Lista VALUES ('La numero uno');
INSERT INTO Lista VALUES ('La numero dos');
INSERT INTO Lista VALUES ('La numero tres');

